{"0": {"precision": 0.34523809523809523, "recall": 0.022137404580152672, "f1-score": 0.04160688665710187, "support": 1310}, "1": {"precision": 0.8672538860103627, "recall": 0.9934710351377019, "f1-score": 0.9260816642691159, "support": 8424}, "accuracy": 0.8627491267721389, "macro avg": {"precision": 0.606245990624229, "recall": 0.5078042198589272, "f1-score": 0.4838442754631089, "support": 9734}, "weighted avg": {"precision": 0.7970010931285391, "recall": 0.8627491267721389, "f1-score": 0.8070492049849842, "support": 9734}}