{"0": {"precision": 0.4, "recall": 0.004580152671755725, "f1-score": 0.009056603773584906, "support": 1310}, "1": {"precision": 0.8658298178824982, "recall": 0.9989316239316239, "f1-score": 0.9276304910984952, "support": 8424}, "accuracy": 0.8651119786316006, "macro avg": {"precision": 0.6329149089412491, "recall": 0.5017558883016898, "f1-score": 0.46834354743604, "support": 9734}, "weighted avg": {"precision": 0.8031385233041057, "recall": 0.8651119786316006, "f1-score": 0.8040089796545222, "support": 9734}}