{"0": {"precision": 0.5, "recall": 0.0007633587786259542, "f1-score": 0.0015243902439024389, "support": 1310}, "1": {"precision": 0.865495273325113, "recall": 0.9998812915479582, "f1-score": 0.9278475435117867, "support": 8424}, "accuracy": 0.865420176700226, "macro avg": {"precision": 0.6827476366625564, "recall": 0.5003223251632921, "f1-score": 0.4646859668778445, "support": 9734}, "weighted avg": {"precision": 0.8163069840241167, "recall": 0.865420176700226, "f1-score": 0.8031831372265054, "support": 9734}}