{"0": {"precision": 0.17476982716847037, "recall": 0.8259541984732824, "f1-score": 0.2884948673510198, "support": 1310}, "1": {"precision": 0.9356477561388654, "recall": 0.39351851851851855, "f1-score": 0.5540235648032089, "support": 8424}, "accuracy": 0.45171563591534825, "macro avg": {"precision": 0.5552087916536679, "recall": 0.6097363584959005, "f1-score": 0.42125921607711436, "support": 9734}, "weighted avg": {"precision": 0.8332489389053317, "recall": 0.45171563591534825, "f1-score": 0.5182887596190742, "support": 9734}}