{"0": {"precision": 0.1823781009409752, "recall": 0.8137404580152672, "f1-score": 0.29797344514325647, "support": 1310}, "1": {"precision": 0.9372589354589869, "recall": 0.4326923076923077, "f1-score": 0.5920571753431333, "support": 8424}, "accuracy": 0.4839737004314773, "macro avg": {"precision": 0.5598185181999811, "recall": 0.6232163828537874, "f1-score": 0.44501531024319485, "support": 9734}, "weighted avg": {"precision": 0.8356672061371669, "recall": 0.4839737004314773, "f1-score": 0.5524794388974954, "support": 9734}}