{"0": {"precision": 0.1635902494011554, "recall": 0.8862595419847328, "f1-score": 0.27619840609016294, "support": 1310}, "1": {"precision": 0.9434963974213121, "recall": 0.29534662867996203, "f1-score": 0.4498689087785915, "support": 8424}, "accuracy": 0.37487158413807276, "macro avg": {"precision": 0.5535433234112337, "recall": 0.5908030853323474, "f1-score": 0.3630336574343772, "support": 9734}, "weighted avg": {"precision": 0.838536765830352, "recall": 0.37487158413807276, "f1-score": 0.4264963632143998, "support": 9734}}