{"0": {"precision": 0.3333333333333333, "recall": 0.0015267175572519084, "f1-score": 0.00303951367781155, "support": 1310}, "1": {"precision": 0.8655427631578947, "recall": 0.9995251661918328, "f1-score": 0.9277214631996473, "support": 8424}, "accuracy": 0.8652147113211424, "macro avg": {"precision": 0.599438048245614, "recall": 0.5005259418745424, "f1-score": 0.4653804884387294, "support": 9734}, "weighted avg": {"precision": 0.7939181121336318, "recall": 0.8652147113211424, "f1-score": 0.8032779298245081, "support": 9734}}