{"0": {"precision": 0.17273739462382695, "recall": 0.8290076335877863, "f1-score": 0.28590232986705283, "support": 1310}, "1": {"precision": 0.9350159559036844, "recall": 0.38259734093067427, "f1-score": 0.5430039592283717, "support": 8424}, "accuracy": 0.4426751592356688, "macro avg": {"precision": 0.5538766752637556, "recall": 0.6058024872592302, "f1-score": 0.4144531445477123, "support": 9734}, "weighted avg": {"precision": 0.8324286418214352, "recall": 0.4426751592356688, "f1-score": 0.5084032673788415, "support": 9734}}