{"0": {"precision": 0.18352128046562385, "recall": 0.7702290076335878, "f1-score": 0.2964159811985899, "support": 1310}, "1": {"precision": 0.9289423984891407, "recall": 0.46711775878442546, "f1-score": 0.6216429699842022, "support": 8424}, "accuracy": 0.5079104170947195, "macro avg": {"precision": 0.5562318394773823, "recall": 0.6186733832090067, "f1-score": 0.45902947559139606, "support": 9734}, "weighted avg": {"precision": 0.8286237561416159, "recall": 0.5079104170947195, "f1-score": 0.577873979301117, "support": 9734}}