{"0": {"precision": 0.17043717517578721, "recall": 0.851145038167939, "f1-score": 0.2840040753948039, "support": 1310}, "1": {"precision": 0.9389097744360902, "recall": 0.3557692307692308, "f1-score": 0.516012396694215, "support": 8424}, "accuracy": 0.4224368193959318, "macro avg": {"precision": 0.5546734748059388, "recall": 0.6034571344685848, "f1-score": 0.4000082360445094, "support": 9734}, "weighted avg": {"precision": 0.8354888678169207, "recall": 0.4224368193959318, "f1-score": 0.4847887578096631, "support": 9734}}