{"0": {"precision": 1.0, "recall": 0.0015267175572519084, "f1-score": 0.0030487804878048777, "support": 1310}, "1": {"precision": 0.8655980271270037, "recall": 1.0, "f1-score": 0.9279576999339062, "support": 8424}, "accuracy": 0.8656256420793096, "macro avg": {"precision": 0.9327990135635018, "recall": 0.500763358778626, "f1-score": 0.46550324021085554, "support": 9734}, "weighted avg": {"precision": 0.8836858208873927, "recall": 0.8656256420793096, "f1-score": 0.803483620986465, "support": 9734}}