{"0": {"precision": 0.17697678194512095, "recall": 0.8320610687022901, "f1-score": 0.29187307537823, "support": 1310}, "1": {"precision": 0.9384615384615385, "recall": 0.39826685660018996, "f1-score": 0.5592132677723144, "support": 8424}, "accuracy": 0.45664680501335525, "macro avg": {"precision": 0.5577191602033297, "recall": 0.6151639626512401, "f1-score": 0.4255431715752722, "support": 9734}, "weighted avg": {"precision": 0.8359810544840877, "recall": 0.45664680501335525, "f1-score": 0.5232346719189909, "support": 9734}}