{"0": {"precision": 0.30851063829787234, "recall": 0.022137404580152672, "f1-score": 0.04131054131054131, "support": 1310}, "1": {"precision": 0.8671161825726141, "recall": 0.9922839506172839, "f1-score": 0.9254871567759079, "support": 8424}, "accuracy": 0.8617217998767208, "macro avg": {"precision": 0.5878134104352433, "recall": 0.5072106775987183, "f1-score": 0.4833988490432246, "support": 9734}, "weighted avg": {"precision": 0.7919391471298453, "recall": 0.8617217998767208, "f1-score": 0.8064948241007867, "support": 9734}}