{"0": {"precision": 0.0, "recall": 0.0, "f1-score": 0.0, "support": 1310}, "1": {"precision": 0.8654063495325183, "recall": 0.9998812915479582, "f1-score": 0.927796442143526, "support": 8424}, "accuracy": 0.8653174440106842, "macro avg": {"precision": 0.43270317476625914, "recall": 0.4999406457739791, "f1-score": 0.463898221071763, "support": 9734}, "weighted avg": {"precision": 0.7489401159299295, "recall": 0.8653174440106842, "f1-score": 0.8029337609016912, "support": 9734}}