{"0": {"precision": 0.0, "recall": 0.0, "f1-score": 0.0, "support": 1310}, "1": {"precision": 0.865420176700226, "recall": 1.0, "f1-score": 0.9278554906928076, "support": 8424}, "accuracy": 0.865420176700226, "macro avg": {"precision": 0.432710088350113, "recall": 0.5, "f1-score": 0.4639277453464038, "support": 9734}, "weighted avg": {"precision": 0.7489520822398503, "recall": 0.865420176700226, "f1-score": 0.8029848627076445, "support": 9734}}