{"0": {"precision": 0.375, "recall": 0.006870229007633588, "f1-score": 0.013493253373313344, "support": 1310}, "1": {"precision": 0.8660144181256436, "recall": 0.9982193732193733, "f1-score": 0.9274291386346091, "support": 8424}, "accuracy": 0.8648037805629751, "macro avg": {"precision": 0.6205072090628219, "recall": 0.5025448011135034, "f1-score": 0.4704611960039612, "support": 9734}, "weighted avg": {"precision": 0.7999337844966531, "recall": 0.8648037805629751, "f1-score": 0.8044318086888214, "support": 9734}}