{"0": {"precision": 0.3023255813953488, "recall": 0.009923664122137405, "f1-score": 0.019216555801921657, "support": 1310}, "1": {"precision": 0.8661644825095449, "recall": 0.9964387464387464, "f1-score": 0.9267457907811206, "support": 8424}, "accuracy": 0.8636737209780152, "macro avg": {"precision": 0.5842450319524468, "recall": 0.5031812052804419, "f1-score": 0.4729811732915211, "support": 9734}, "weighted avg": {"precision": 0.7902831428280577, "recall": 0.8636737209780152, "f1-score": 0.804610666698241, "support": 9734}}