{"0": {"precision": 0.1726133076181292, "recall": 0.8198473282442749, "f1-score": 0.2851832182687201, "support": 1310}, "1": {"precision": 0.9328018223234624, "recall": 0.3888888888888889, "f1-score": 0.5489276139410187, "support": 8424}, "accuracy": 0.4468871995068831, "macro avg": {"precision": 0.5527075649707958, "recall": 0.6043681085665819, "f1-score": 0.4170554161048694, "support": 9734}, "weighted avg": {"precision": 0.830495786339901, "recall": 0.4468871995068831, "f1-score": 0.5134329397751352, "support": 9734}}