{"0": {"precision": 0.17174345629879076, "recall": 0.8564885496183207, "f1-score": 0.2861150070126227, "support": 1310}, "1": {"precision": 0.9412683536394877, "recall": 0.35766856600189934, "f1-score": 0.5183655913978495, "support": 8424}, "accuracy": 0.4247996712553935, "macro avg": {"precision": 0.5565059049691392, "recall": 0.60707855781011, "f1-score": 0.40224029920523613, "support": 9734}, "weighted avg": {"precision": 0.8377058289306, "recall": 0.4247996712553935, "f1-score": 0.48710934879001644, "support": 9734}}