{"0": {"precision": 0.17639279219705736, "recall": 0.8145038167938932, "f1-score": 0.28998505231689087, "support": 1310}, "1": {"precision": 0.934056987788331, "recall": 0.40859449192782527, "f1-score": 0.5685027665372864, "support": 8424}, "accuracy": 0.4632216971440312, "macro avg": {"precision": 0.5552248899926941, "recall": 0.6115491543608592, "f1-score": 0.4292439094270886, "support": 9734}, "weighted avg": {"precision": 0.832090674225092, "recall": 0.4632216971440312, "f1-score": 0.5310199017716486, "support": 9734}}