{"0": {"precision": 0.6666666666666666, "recall": 0.0015267175572519084, "f1-score": 0.003046458492003047, "support": 1310}, "1": {"precision": 0.8655842153941014, "recall": 0.9998812915479582, "f1-score": 0.9278986505095015, "support": 8424}, "accuracy": 0.8655229093897678, "macro avg": {"precision": 0.7661254410303839, "recall": 0.5007040045526051, "f1-score": 0.46547255450075226, "support": 9734}, "weighted avg": {"precision": 0.838813926835139, "recall": 0.8655229093897678, "f1-score": 0.803432205929378, "support": 9734}}