{"0": {"precision": 0.18178640097884985, "recall": 0.7938931297709924, "f1-score": 0.29583274071967003, "support": 1310}, "1": {"precision": 0.9327186643408921, "recall": 0.44432573599240266, "f1-score": 0.601913644769639, "support": 8424}, "accuracy": 0.4913704540784878, "macro avg": {"precision": 0.557252532659871, "recall": 0.6191094328816975, "f1-score": 0.44887319274465454, "support": 9734}, "weighted avg": {"precision": 0.8316583330275292, "recall": 0.4913704540784878, "f1-score": 0.5607213307871591, "support": 9734}}