{"0": {"precision": 0.17441120305537874, "recall": 0.8366412213740458, "f1-score": 0.2886489333684488, "support": 1310}, "1": {"precision": 0.9379710144927537, "recall": 0.3841405508072175, "f1-score": 0.5450564258042783, "support": 8424}, "accuracy": 0.44503801109513047, "macro avg": {"precision": 0.5561911087740662, "recall": 0.6103908860906316, "f1-score": 0.4168526795863635, "support": 9734}, "weighted avg": {"precision": 0.835211269990703, "recall": 0.44503801109513047, "f1-score": 0.5105491507795262, "support": 9734}}