{"0": {"precision": 0.15789473684210525, "recall": 0.0022900763358778627, "f1-score": 0.004514672686230249, "support": 1310}, "1": {"precision": 0.8654657745753989, "recall": 0.9981006647673314, "f1-score": 0.9270632339158719, "support": 8424}, "accuracy": 0.8640846517361824, "macro avg": {"precision": 0.5116802557087521, "recall": 0.5001953705516047, "f1-score": 0.4657889533010511, "support": 9734}, "weighted avg": {"precision": 0.7702409893452145, "recall": 0.8640846517361824, "f1-score": 0.802906811560126, "support": 9734}}