{"0": {"precision": 0.2727272727272727, "recall": 0.00916030534351145, "f1-score": 0.017725258493353026, "support": 1310}, "1": {"precision": 0.866047471620227, "recall": 0.9962013295346629, "f1-score": 0.9265761289610246, "support": 8424}, "accuracy": 0.8633655229093897, "macro avg": {"precision": 0.5693873721737499, "recall": 0.5026808174390872, "f1-score": 0.4721506937271888, "support": 9734}, "weighted avg": {"precision": 0.7861985440930264, "recall": 0.8633655229093897, "f1-score": 0.8042631394076395, "support": 9734}}