{"0": {"precision": 1.0, "recall": 0.0007633587786259542, "f1-score": 0.0015255530129672005, "support": 1310}, "1": {"precision": 0.8655090927771499, "recall": 1.0, "f1-score": 0.9279065924987608, "support": 8424}, "accuracy": 0.8655229093897678, "macro avg": {"precision": 0.9327545463885749, "recall": 0.500381679389313, "f1-score": 0.464716072755864, "support": 9734}, "weighted avg": {"precision": 0.8836088553066274, "recall": 0.8655229093897678, "f1-score": 0.8032343958965017, "support": 9734}}