{"0": {"precision": 0.16236679753224903, "recall": 0.8839694656488549, "f1-score": 0.27434257285003555, "support": 1310}, "1": {"precision": 0.9415833973866257, "recall": 0.2908357075023742, "f1-score": 0.4444041356793035, "support": 8424}, "accuracy": 0.37065954386685845, "macro avg": {"precision": 0.5519750974594373, "recall": 0.5874025865756145, "f1-score": 0.35937335426466954, "support": 9734}, "weighted avg": {"precision": 0.836716565065973, "recall": 0.37065954386685845, "f1-score": 0.42151728060365723, "support": 9734}}