{"0": {"precision": 0.18787760670434614, "recall": 0.7358778625954199, "f1-score": 0.2993324018009626, "support": 1310}, "1": {"precision": 0.9248316315446448, "recall": 0.5053418803418803, "f1-score": 0.6535656712980732, "support": 8424}, "accuracy": 0.5363673720978015, "macro avg": {"precision": 0.5563546191244955, "recall": 0.6206098714686501, "f1-score": 0.47644903654951787, "support": 9734}, "weighted avg": {"precision": 0.8256524891015802, "recall": 0.5363673720978015, "f1-score": 0.6058930204822508, "support": 9734}}