{"0": {"precision": 0.375, "recall": 0.0022900763358778627, "f1-score": 0.004552352048558422, "support": 1310}, "1": {"precision": 0.8656179313181164, "recall": 0.9994064577397911, "f1-score": 0.9277134986225896, "support": 8424}, "accuracy": 0.8652147113211424, "macro avg": {"precision": 0.6203089656590581, "recall": 0.5008482670378345, "f1-score": 0.466132925335574, "support": 9734}, "weighted avg": {"precision": 0.7995906568136236, "recall": 0.8652147113211424, "f1-score": 0.8034746346394397, "support": 9734}}