{"0": {"precision": 0.16666666666666666, "recall": 0.0030534351145038168, "f1-score": 0.0059970014992503755, "support": 1310}, "1": {"precision": 0.8654994850669413, "recall": 0.9976258309591642, "f1-score": 0.9268776883202824, "support": 8424}, "accuracy": 0.8637764536675571, "macro avg": {"precision": 0.516083075866804, "recall": 0.500339633036834, "f1-score": 0.4664373449097664, "support": 9734}, "weighted avg": {"precision": 0.7714506878505493, "recall": 0.8637764536675571, "f1-score": 0.8029457282077334, "support": 9734}}