{"0": {"precision": 0.1731684110371075, "recall": 0.833587786259542, "f1-score": 0.2867647058823529, "support": 1310}, "1": {"precision": 0.9364060676779463, "recall": 0.38105413105413105, "f1-score": 0.5416807289908876, "support": 8424}, "accuracy": 0.4419560304088761, "macro avg": {"precision": 0.5547872393575269, "recall": 0.6073209586568366, "f1-score": 0.41422271743662026, "support": 9734}, "weighted avg": {"precision": 0.8336896787114887, "recall": 0.4419560304088761, "f1-score": 0.5073741756446598, "support": 9734}}